Datetime,Water Level (m)
2026-02-08 00:00:00,5.430555e-05
2026-02-08 01:00:00,4.7780344e-05
2026-02-08 02:00:00,4.2823478e-05
2026-02-08 03:00:00,4.056179e-05
2026-02-08 04:00:00,4.1797157e-05
2026-02-08 05:00:00,4.6043846e-05
2026-02-08 06:00:00,6.586828e-05
2026-02-08 07:00:00,2.5898276e-05
2026-02-08 08:00:00,-7.900072e-05
2026-02-08 09:00:00,-8.766381e-05
2026-02-08 10:00:00,2.6991097e-06
2026-02-08 11:00:00,5.522467e-05
2026-02-08 12:00:00,5.0608087e-05
2026-02-08 13:00:00,4.3709228e-05
2026-02-08 14:00:00,4.448595e-05
2026-02-08 15:00:00,3.903582e-05
2026-02-08 16:00:00,3.8046066e-05
2026-02-08 17:00:00,4.0641396e-05
2026-02-08 18:00:00,5.1698633e-05
2026-02-08 19:00:00,3.2997716e-05
2026-02-08 20:00:00,-2.4271732e-05
2026-02-08 21:00:00,-2.7336044e-05
2026-02-08 22:00:00,4.5625347e-05
2026-02-08 23:00:00,5.4165812e-05
2026-02-09 00:00:00,5.0425835e-05
2026-02-09 01:00:00,4.538699e-05
2026-02-09 02:00:00,4.1360418e-05
2026-02-09 03:00:00,3.8170696e-05
2026-02-09 04:00:00,3.871286e-05
2026-02-09 05:00:00,4.217194e-05
2026-02-09 06:00:00,6.1505016e-05
2026-02-09 07:00:00,7.4291165e-05
2026-02-09 08:00:00,7.4460855e-05
2026-02-09 09:00:00,2.3896535e-05
2026-02-09 10:00:00,9.832506e-06
2026-02-09 11:00:00,5.7782847e-05
2026-02-09 12:00:00,6.288924e-05
2026-02-09 13:00:00,5.7553443e-05
2026-02-09 14:00:00,5.293029e-05
2026-02-09 15:00:00,4.9643553e-05
2026-02-09 16:00:00,4.4123557e-05
2026-02-09 17:00:00,4.258859e-05
2026-02-09 18:00:00,4.834405e-05
2026-02-09 19:00:00,5.3994627e-05
2026-02-09 20:00:00,5.658405e-05
2026-02-09 21:00:00,6.301427e-05
2026-02-09 22:00:00,6.235406e-05
2026-02-09 23:00:00,5.5401655e-05
2026-02-10 00:00:00,5.3126914e-05
2026-02-10 01:00:00,5.2526022e-05
2026-02-10 02:00:00,4.774052e-05
2026-02-10 03:00:00,4.3470496e-05
2026-02-10 04:00:00,4.273086e-05
2026-02-10 05:00:00,4.2179643e-05
2026-02-10 06:00:00,5.024204e-05
2026-02-10 07:00:00,6.2095314e-05
2026-02-10 08:00:00,6.755919e-05
2026-02-10 09:00:00,6.28442e-05
2026-02-10 10:00:00,5.487402e-05
2026-02-10 11:00:00,4.7664907e-05
2026-02-10 12:00:00,6.0292536e-05
2026-02-10 13:00:00,5.544424e-05
2026-02-10 14:00:00,5.2945106e-05
2026-02-10 15:00:00,5.1774525e-05
2026-02-10 16:00:00,4.6586196e-05
2026-02-10 17:00:00,4.1467476e-05
2026-02-10 18:00:00,3.9937342e-05
2026-02-10 19:00:00,4.5733315e-05
2026-02-10 20:00:00,4.8389815e-05
2026-02-10 21:00:00,5.3379088e-05
2026-02-10 22:00:00,5.3290893e-05
2026-02-10 23:00:00,5.7219007e-05
2026-02-11 00:00:00,5.158765e-05
2026-02-11 01:00:00,4.8480233e-05
2026-02-11 02:00:00,4.894841e-05
2026-02-11 03:00:00,4.5988196e-05
2026-02-11 04:00:00,4.0412797e-05
2026-02-11 05:00:00,3.4720146e-05
2026-02-11 06:00:00,3.2953445e-05
2026-02-11 07:00:00,4.0965846e-05
2026-02-11 08:00:00,4.6188525e-05
2026-02-11 09:00:00,4.2206055e-05
2026-02-11 10:00:00,4.4247256e-05
2026-02-11 11:00:00,4.764661e-05
2026-02-11 12:00:00,4.8967904e-05
2026-02-11 13:00:00,5.6538807e-05
2026-02-11 14:00:00,5.7582925e-05
2026-02-11 15:00:00,5.4945467e-05
2026-02-11 16:00:00,5.4400127e-05
2026-02-11 17:00:00,5.138884e-05
2026-02-11 18:00:00,5.0785275e-05
2026-02-11 19:00:00,4.7086436e-05
2026-02-11 20:00:00,4.4252112e-05
2026-02-11 21:00:00,4.249263e-05
2026-02-11 22:00:00,4.3650063e-05
2026-02-11 23:00:00,5.004285e-05
2026-02-12 00:00:00,5.2935167e-05
2026-02-12 01:00:00,5.2755036e-05
2026-02-12 02:00:00,4.974625e-05
2026-02-12 03:00:00,4.538787e-05
2026-02-12 04:00:00,4.1859927e-05
2026-02-12 05:00:00,4.5144112e-05
2026-02-12 06:00:00,4.168796e-05
2026-02-12 07:00:00,3.083227e-05
2026-02-12 08:00:00,1.4408567e-05
2026-02-12 09:00:00,-9.584372e-06
2026-02-12 10:00:00,-1.4872671e-05
2026-02-12 11:00:00,-5.8957885e-06
2026-02-12 12:00:00,2.6644964e-05
2026-02-12 13:00:00,4.593623e-05
2026-02-12 14:00:00,3.6390837e-05
2026-02-12 15:00:00,4.9577946e-05
2026-02-12 16:00:00,6.777213e-05
2026-02-12 17:00:00,6.352277e-05
2026-02-12 18:00:00,5.735953e-05
2026-02-12 19:00:00,5.3285854e-05
2026-02-12 20:00:00,4.7610258e-05
2026-02-12 21:00:00,4.493761e-05
2026-02-12 22:00:00,4.149792e-05
2026-02-12 23:00:00,4.0240095e-05
2026-02-13 00:00:00,3.847165e-05
2026-02-13 01:00:00,4.5398076e-05
2026-02-13 02:00:00,5.0445622e-05
2026-02-13 03:00:00,4.971604e-05
2026-02-13 04:00:00,4.389978e-05
2026-02-13 05:00:00,3.731521e-05
2026-02-13 06:00:00,3.1964842e-05
2026-02-13 07:00:00,1.8902863e-05
2026-02-13 08:00:00,-1.3408804e-06
2026-02-13 09:00:00,-5.386026e-06
2026-02-13 10:00:00,-1.09811745e-05
2026-02-13 11:00:00,-3.6622757e-06
2026-02-13 12:00:00,2.4386598e-05
2026-02-13 13:00:00,4.514631e-05
2026-02-13 14:00:00,-1.7247845e-05
2026-02-13 15:00:00,-5.2478626e-05
2026-02-13 16:00:00,-3.602013e-05
2026-02-13 17:00:00,5.0912942e-05
2026-02-13 18:00:00,5.9563692e-05
2026-02-13 19:00:00,5.481753e-05
2026-02-13 20:00:00,4.8161997e-05
2026-02-13 21:00:00,4.069749e-05
2026-02-13 22:00:00,3.488921e-05
2026-02-13 23:00:00,3.0453031e-05
2026-02-14 00:00:00,3.173494e-05
